samplenames,description,adapters
LMN_HBR_DART_1_S17_R1_001.fastq.gz,ILMN_HBR_DART_1_S17,TGGAATTCTCGGGTGCCAAGG
ILMN_HBR_MDA_1_S18_R1_001.fastq.gz,ILMN_HBR_MDA_1_S18,TGGAATTCTCGGGTGCCAAGG
ILMN_HBR_STO_2_S20_R1_001.fastq.gz,ILMN_HBR_STO_2_S20,TGGAATTCTCGGGTGCCAAGG
ILMN_HBR_UTA_1_S19_R1_001.fastq.gz,ILMN_HBR_UTA_1_S19,TGGAATTCTCGGGTGCCAAGG
ILMN_MUR_DART_2_S24_R1_001.fastq.gz,ILMN_MUR_DART_2_S24,TGGAATTCTCGGGTGCCAAGG
ILMN_MUR_D_DART_2_S25_R1_001.fastq.gz,ILMN_MUR_D_DART_2_S25,TGGAATTCTCGGGTGCCAAGG
ILMN_MUR_D_MDA_2_S26_R1_001.fastq.gz,ILMN_MUR_D_MDA_2_S26,TGGAATTCTCGGGTGCCAAGG
ILMN_MUR_D_STO_2_S27_R1_001.fastq.gz,ILMN_MUR_D_STO_2_S27,TGGAATTCTCGGGTGCCAAGG
ILMN_MUR_D_UTA_2_S28_R1_001.fastq.gz,ILMN_MUR_D_UTA_2_S28,TGGAATTCTCGGGTGCCAAGG
ILMN_MUR_MDA_1_S21_R1_001.fastq.gz,ILMN_MUR_MDA_1_S21,TGGAATTCTCGGGTGCCAAGG
ILMN_MUR_STO_1_S22_R1_001.fastq.gz,ILMN_MUR_STO_1_S22,TGGAATTCTCGGGTGCCAAGG
ILMN_MUR_UTA_1_S23_R1_001.fastq.gz,ILMN_MUR_UTA_1_S23,TGGAATTCTCGGGTGCCAAGG
LEX_HBR_BU_2_S14_R1_001.fastq.gz,LEX_HBR_BU_2_S14,TGGAATTCTCGGGTGCCAAGGAACTCCAGTCAC
LEX_HBR_MDA_2_S15_R1_001.fastq.gz,LEX_HBR_MDA_2_S15,TGGAATTCTCGGGTGCCAAGGAACTCCAGTCAC
LEX_HBR_MSHL_2_S16_R1_001.fastq.gz,LEX_HBR_MSHL_2_S16,TGGAATTCTCGGGTGCCAAGGAACTCCAGTCAC
LEX_HBR_UFL_1_S13_R1_001.fastq.gz,LEX_HBR_UFL_1_S13,TGGAATTCTCGGGTGCCAAGGAACTCCAGTCAC
LEX_MUR_BU_2_S20_R1_001.fastq.gz,LEX_MUR_BU_2_S20,TGGAATTCTCGGGTGCCAAGGAACTCCAGTCAC
LEX_MUR_D_BU_2_S22_R1_001.fastq.gz,LEX_MUR_D_BU_2_S22,TGGAATTCTCGGGTGCCAAGGAACTCCAGTCAC
LEX_MUR_D_MDA_2_S23_R1_001.fastq.gz,LEX_MUR_D_MDA_2_S23,TGGAATTCTCGGGTGCCAAGGAACTCCAGTCAC
LEX_MUR_D_MSHL_2_S24_R1_001.fastq.gz,LEX_MUR_D_MSHL_2_S24,TGGAATTCTCGGGTGCCAAGGAACTCCAGTCAC
LEX_MUR_D_UFL_1_S21_R1_001.fastq.gz,LEX_MUR_D_UFL_1_S21,TGGAATTCTCGGGTGCCAAGGAACTCCAGTCAC
LEX_MUR_MDA_1_S17_R1_001.fastq.gz,LEX_MUR_MDA_1_S17,TGGAATTCTCGGGTGCCAAGGAACTCCAGTCAC
LEX_MUR_MSHL_1_S18_R1_001.fastq.gz,LEX_MUR_MSHL_1_S18,TGGAATTCTCGGGTGCCAAGGAACTCCAGTCAC
LEX_MUR_UFL_1_S19_R1_001.fastq.gz,LEX_MUR_UFL_1_S19,TGGAATTCTCGGGTGCCAAGGAACTCCAGTCAC
NEB_HBR_CORN_1_S29_R1_001.fastq.gz,NEB_HBR_CORN_1_S29,AGATCGGAAGAGCACACGTCTGAACTCCAGTCAC
NEB_HBR_LUC_2_S31_R1_001.fastq.gz,NEB_HBR_LUC_2_S31,AGATCGGAAGAGCACACGTCTGAACTCCAGTCAC
NEB_HBR_MDA_2_S32_R1_001.fastq.gz,NEB_HBR_MDA_2_S32,AGATCGGAAGAGCACACGTCTGAACTCCAGTCAC
NEB_HBR_UTA_1_S30_R1_001.fastq.gz,NEB_HBR_UTA_1_S30,AGATCGGAAGAGCACACGTCTGAACTCCAGTCAC
NEB_MUR_CORN_2_S36_R1_001.fastq.gz,NEB_MUR_CORN_2_S36,AGATCGGAAGAGCACACGTCTGAACTCCAGTCAC
NEB_MUR_D_CORN_2_S39_R1_001.fastq.gz,NEB_MUR_D_CORN_2_S39,AGATCGGAAGAGCACACGTCTGAACTCCAGTCAC
NEB_MUR_D_LUC_1_S37_R1_001.fastq.gz,NEB_MUR_D_LUC_1_S37,AGATCGGAAGAGCACACGTCTGAACTCCAGTCAC
NEB_MUR_D_MDA_2_S40_R1_001.fastq.gz,NEB_MUR_D_MDA_2_S40,AGATCGGAAGAGCACACGTCTGAACTCCAGTCAC
NEB_MUR_D_UTA_1_S38_R1_001.fastq.gz,NEB_MUR_D_UTA_1_S38,AGATCGGAAGAGCACACGTCTGAACTCCAGTCAC
NEB_MUR_LUC_1_S33_R1_001.fastq.gz,NEB_MUR_LUC_1_S33,AGATCGGAAGAGCACACGTCTGAACTCCAGTCAC
NEB_MUR_MDA_1_S34_R1_001.fastq.gz,NEB_MUR_MDA_1_S34,AGATCGGAAGAGCACACGTCTGAACTCCAGTCAC
NEB_MUR_UTA_1_S35_R1_001.fastq.gz,NEB_MUR_UTA_1_S35,AGATCGGAAGAGCACACGTCTGAACTCCAGTCAC
PEB_HBR_BU_1_S1_R1_001.fastq.gz,PEB_HBR_BU_1_S1,"TGGAATTCTCGGGTGCCAAGG,4N"
PEB_HBR_IU_2_S2_R1_001.fastq.gz,PEB_HBR_IU_2_S2,"TGGAATTCTCGGGTGCCAAGG,4N"
PEB_HBR_STO_2_S3_R1_001.fastq.gz,PEB_HBR_STO_2_S3,"TGGAATTCTCGGGTGCCAAGG,4N"
PEB_HBR_URMC_2_S4_R1_001.fastq.gz,PEB_HBR_URMC_2_S4,"TGGAATTCTCGGGTGCCAAGG,4N"
PEB_MUR_BU_1_S5_R1_001.fastq.gz,PEB_MUR_BU_1_S5,"TGGAATTCTCGGGTGCCAAGG,4N"
PEB_MUR_D_BU_2_S9_R1_001.fastq.gz,PEB_MUR_D_BU_2_S9,"TGGAATTCTCGGGTGCCAAGG,4N"
PEB_MUR_D_IU_2_S10_R1_001.fastq.gz,PEB_MUR_D_IU_2_S10,"TGGAATTCTCGGGTGCCAAGG,4N"
PEB_MUR_D_STO_2_S11_R1_001.fastq.gz,PEB_MUR_D_STO_2_S11,"TGGAATTCTCGGGTGCCAAGG,4N"
PEB_MUR_D_URMC_2_S12_R1_001.fastq.gz,PEB_MUR_D_URMC_2_S12,"TGGAATTCTCGGGTGCCAAGG,4N"
PEB_MUR_IU_2_S7_R1_001.fastq.gz,PEB_MUR_IU_2_S7,"TGGAATTCTCGGGTGCCAAGG,4N"
PEB_MUR_STO_2_S8_R1_001.fastq.gz,PEB_MUR_STO_2_S8,"TGGAATTCTCGGGTGCCAAGG,4N"
PEB_MUR_URMC_1_S6_R1_001.fastq.gz,PEB_MUR_URMC_1_S6,"TGGAATTCTCGGGTGCCAAGG,4N"
QIA_HBR_DART_1_S41_R1_001.fastq.gz,QIA_HBR_DART_1_S41,AACTGTAGGCACCATCAAT
QIA_HBR_MCC_2_S44_R1_001.fastq.gz,QIA_HBR_MCC_2_S44,AACTGTAGGCACCATCAAT
QIA_HBR_NU_1_S42_R1_001.fastq.gz,QIA_HBR_NU_1_S42,AACTGTAGGCACCATCAAT
QIA_HBR_VAI_1_S43_R1_001.fastq.gz,QIA_HBR_VAI_1_S43,AACTGTAGGCACCATCAAT
QIA_MUR_DART_2_S46_R1_001.fastq.gz,QIA_MUR_DART_2_S46,AACTGTAGGCACCATCAAT
QIA_MUR_D_DART_1_S49_R1_001.fastq.gz,QIA_MUR_D_DART_1_S49,AACTGTAGGCACCATCAAT
QIA_MUR_D_MCC_1_S50_R1_001.fastq.gz,QIA_MUR_D_MCC_1_S50,AACTGTAGGCACCATCAAT
QIA_MUR_D_NU_1_S51_R1_001.fastq.gz,QIA_MUR_D_NU_1_S51,AACTGTAGGCACCATCAAT
QIA_MUR_D_VAI_1_S52_R1_001.fastq.gz,QIA_MUR_D_VAI_1_S52,AACTGTAGGCACCATCAAT
QIA_MUR_MCC_1_S45_R1_001.fastq.gz,QIA_MUR_MCC_1_S45,AACTGTAGGCACCATCAAT
QIA_MUR_NU_2_S47_R1_001.fastq.gz,QIA_MUR_NU_2_S47,AACTGTAGGCACCATCAAT
QIA_MUR_VAI_2_S48_R1_001.fastq.gz,QIA_MUR_VAI_2_S48,AACTGTAGGCACCATCAAT
SOM_HBR_IU_2_S6_R1_001.fastq.gz,SOM_HBR_IU_2_S6,TGGAATTCTCGGGTGCCAAGG
SOM_HBR_MSHL_1_S3_R1_001.fastq.gz,SOM_HBR_MSHL_1_S3,TGGAATTCTCGGGTGCCAAGG
SOM_HBR_STO_2_S12_R1_001.fastq.gz,SOM_HBR_STO_2_S12,TGGAATTCTCGGGTGCCAAGG
SOM_HBR_VAI_1_S9_R1_001.fastq.gz,SOM_HBR_VAI_1_S9,TGGAATTCTCGGGTGCCAAGG
SOM_MUR_D_IU_2_S7_R1_001.fastq.gz,SOM_MUR_D_IU_2_S7,TGGAATTCTCGGGTGCCAAGG
SOM_MUR_D_MSHL_1_S4_R1_001.fastq.gz,SOM_MUR_D_MSHL_1_S4,TGGAATTCTCGGGTGCCAAGG
SOM_MUR_D_STO_2_S13_R1_001.fastq.gz,SOM_MUR_D_STO_2_S13,TGGAATTCTCGGGTGCCAAGG
SOM_MUR_D_VAI_2_S10_R1_001.fastq.gz,SOM_MUR_D_VAI_2_S10,TGGAATTCTCGGGTGCCAAGG
SOM_MUR_IU_1_S8_R1_001.fastq.gz,SOM_MUR_IU_1_S8,TGGAATTCTCGGGTGCCAAGG
SOM_MUR_MSHL_1_S5_R1_001.fastq.gz,SOM_MUR_MSHL_1_S5,TGGAATTCTCGGGTGCCAAGG
SOM_MUR_STO_1_S14_R1_001.fastq.gz,SOM_MUR_STO_1_S14,TGGAATTCTCGGGTGCCAAGG
SOM_MUR_VAI_1_S11_R1_001.fastq.gz,SOM_MUR_VAI_1_S11,TGGAATTCTCGGGTGCCAAGG
TRI_HBR_CORN_1_S31_R1_001.fastq.gz,TRI_HBR_CORN_1_S31,TGGAATTCTCGGGTGCCAAGG
TRI_HBR_MSHL_1_S25_R1_001.fastq.gz,TRI_HBR_MSHL_1_S25,TGGAATTCTCGGGTGCCAAGG
TRI_HBR_VAI_2_S26_R1_001.fastq.gz,TRI_HBR_VAI_2_S26,TGGAATTCTCGGGTGCCAAGG
TRI_MUR_CORN_2_S32_R1_001.fastq.gz,TRI_MUR_CORN_2_S32,TGGAATTCTCGGGTGCCAAGG
TRI_MUR_D_CORN_1_S33_R1_001.fastq.gz,TRI_MUR_D_CORN_1_S33,TGGAATTCTCGGGTGCCAAGG
TRI_MUR_D_MSHL_2_S30_R1_001.fastq.gz,TRI_MUR_D_MSHL_2_S30,TGGAATTCTCGGGTGCCAAGG
TRI_MUR_D_VAI_1_S29_R1_001.fastq.gz,TRI_MUR_D_VAI_1_S29,TGGAATTCTCGGGTGCCAAGG
TRI_MUR_MSHL_1_S27_R1_001.fastq.gz,TRI_MUR_MSHL_1_S27,TGGAATTCTCGGGTGCCAAGG
TRI_MUR_VAI_1_S28_R1_001.fastq.gz,TRI_MUR_VAI_1_S28,TGGAATTCTCGGGTGCCAAGG